Omschrijvi,Naam,source,OBJECTID,UVID,BOUWWERKCO,AFSTOOTSTA,Shape_Leng,Shape_Area,EAN,Gebouwcode hoofdaansluiting,Gekoppelde aansluiting,Entity,Portefeuille,Naam Defensie,Bouwwerkfunctie,Adres,Postcode,Plaats,Contractcapaciteit,Aangevraagde Contractcapaciteit,Toekomstige contractcapaciteit,Maximaal piekvermogen,Verhoogde basislast,Vermogen laadpunten,WP vermogen,Max vermogen verbruik,Max ruimte verbruik,Oordeel verbruik,WP Zonnepanelen,Max ruimte opwek,Oordeel opwek,Projectnaam,Volgorde,Status_project,type_project_,Potentie,Planning,URL_projectpagina,RES_Regio,scope_omschrijving,Type_project_icon,Shape__Area,Shape__Length,buffer_5km,cluster_id,geometry_wkt,geometry_centroid_wkt
Voorkeursalternatief uitbreiding depot Poortugaal,VKA depot Poortugaal,Locatiespecifiek,,,,,,,,,,,,,,,,,,,,,,,,,,,,,,,,,,,,,,,,,,"POLYGON ((92745.0207699898 429835.9639182529, 92720.94440335079 429345.8782166051, 92648.94717200595 428860.51230817224, 92529.72244865085 428384.5405319806, 92364.41843254624 427922.54675642744, 92154.62709173157 427478.9802341229, 91902.36883150254 427058.1127531549, 91610.07303680349 426663.99749743467, 91280.55467592254 426300.43001232017, 90916.98719080802 425970.9116514392, 90522.87193508781 425678.61585674016, 90102.00445411979 425426.35759651114, 89658.43793181525 425216.56625569647, 89196.4441562621 425051.26223959186, 88720.47238007044 424932.0375162368, 88235.1064716376 424860.0402848919, 87745.0207699898 424835.9639182529, 87254.935068342 424860.0402848919, 86769.56915990917 424932.0375162368, 86293.5973837175 425051.26223959186, 85831.60360816435 425216.56625569647, 85388.03708585982 425426.35759651114, 84967.1696048918 425678.61585674016, 84573.05434917158 425970.9116514392, 84209.48686405706 426300.43001232017, 83879.96850317612 426663.99749743467, 83587.67270847707 427058.1127531549, 83335.41444824803 427478.9802341229, 83125.62310743336 427922.54675642744, 82960.31909132875 428384.5405319806, 82841.09436797365 428860.51230817224, 82769.09713662881 429345.8782166051, 82745.0207699898 429835.9639182529, 82769.09713662881 430326.0496199007, 82841.09436797365 430811.4155283336, 82960.31909132875 431287.38730452524, 83125.62310743336 431749.38108007837, 83335.41444824803 432192.9476023829, 83587.67270847707 432613.8150833509, 83879.96850317612 433007.93033907114, 84209.48686405706 433371.49782418564, 84573.05434917157 433701.0161850666, 84967.1696048918 433993.31197976565, 85388.03708585982 434245.5702399947, 85831.60360816435 434455.36158080935, 86293.5973837175 434620.66559691395, 86769.56915990915 434739.89032026904, 87254.935068342 434811.8875516139, 87745.0207699898 434835.9639182529, 88235.1064716376 434811.8875516139, 88720.47238007044 434739.89032026904, 89196.4441562621 434620.66559691395, 89658.43793181525 434455.36158080935, 90102.00445411979 434245.5702399947, 90522.87193508781 433993.31197976565, 90916.98719080802 433701.0161850666, 91280.55467592254 433371.49782418564, 91610.07303680349 433007.93033907114, 91902.36883150254 432613.8150833509, 92154.62709173157 432192.9476023829, 92364.41843254624 431749.38108007837, 92529.72244865085 431287.38730452524, 92648.94717200595 430811.4155283336, 92720.94440335079 430326.0496199007, 92745.0207699898 429835.9639182529))",5,POINT (87745.0207699898 429835.9639182529),POINT (87745.0207699898 429835.9639182529)
,,Bouwwerk,42.0,19P-V9D-Z2GB-7BP,3194K100_01,nietinafstoting,703.466703398,5000.27169903,EAN_871689276000002864,100152G01,100152G01;100152G02;100152G03;100152G04;100152G05;100152G06;100152G07,Dienst Justitiële Inrichtingen Elektriciteit,DJI,onbekend,Cellengebouw,"Koddeweg, 100",3194DH,Hoogvliet Rotterdam,245.0,0.0,245.0,181.0,208.0,18.0,462.0,688.0,-443.0,Rood,0.0,245.0,Onbekend,,,,,,,,,,,,,,5,POINT (85652.14664142864 431139.4438593425),POINT (85652.14664142864 431139.4438593425)
,,Bouwwerk,76.0,VQ7-DEY-7EYR-85H,3089R31_01,nietinafstoting,60.4780271506,220.304088991,EAN_871689260011461598,100824G01,100824G01;100824G02;100824G03,Belastingdienst,Rijkskantoren,onbekend,Kantoorgebouw,"Reeweg, 31",3089KM,Rotterdam,151.0,0.0,151.0,77.0,77.0,9.0,29.0,115.0,36.0,Groen,135.0,16.0,Oranje,,,,,,,,,,,,,,5,POINT (89120.1717041 432545.95338215656),POINT (89120.1717041 432545.95338215656)
Voorkeursalternatief uitbreiding secundaire baan,B,Locatiespecifiek,,,,,,,,,,,,,,,,,,,,,,,,,,,,,,,,,,,,,,,,,,"POLYGON ((185934.76059738096 582487.4441104413, 185910.68423074193 581997.3584087935, 185838.68699939712 581511.9925003606, 185719.462276042 581036.020724169, 185554.1582599374 580574.0269486158, 185344.36691912272 580130.4604263112, 185092.10865889367 579709.5929453432, 184799.81286419465 579315.477689623, 184470.2945033137 578951.9102045086, 184106.7270181992 578622.3918436276, 183712.61176247898 578330.0960489286, 183291.74428151094 578077.8377886994, 182848.17775920642 577868.0464478849, 182386.18398365326 577702.7424317802, 181910.2122074616 577583.5177084251, 181424.84629902875 577511.5204770803, 180934.76059738096 577487.4441104413, 180444.67489573316 577511.5204770803, 179959.30898730032 577583.5177084251, 179483.33721110865 577702.7424317802, 179021.3434355555 577868.0464478849, 178577.77691325097 578077.8377886994, 178156.90943228293 578330.0960489286, 177762.79417656272 578622.3918436276, 177399.22669144822 578951.9102045086, 177069.70833056726 579315.477689623, 176777.41253586824 579709.5929453432, 176525.1542756392 580130.4604263112, 176315.36293482452 580574.0269486158, 176150.0589187199 581036.020724169, 176030.8341953648 581511.9925003606, 175958.83696401998 581997.3584087935, 175934.76059738096 582487.4441104413, 175958.83696401998 582977.529812089, 176030.8341953648 583462.8957205219, 176150.0589187199 583938.8674967135, 176315.36293482452 584400.8612722667, 176525.1542756392 584844.4277945713, 176777.41253586824 585265.2952755393, 177069.70833056726 585659.4105312595, 177399.22669144822 586022.9780163739, 177762.79417656272 586352.496377255, 178156.90943228293 586644.792171954, 178577.77691325097 586897.0504321831, 179021.3434355555 587106.8417729976, 179483.33721110865 587272.1457891023, 179959.30898730032 587391.3705124574, 180444.67489573316 587463.3677438023, 180934.76059738096 587487.4441104413, 181424.84629902875 587463.3677438023, 181910.2122074616 587391.3705124574, 182386.18398365326 587272.1457891023, 182848.17775920642 587106.8417729976, 183291.74428151094 586897.0504321831, 183712.61176247898 586644.792171954, 184106.7270181992 586352.496377255, 184470.2945033137 586022.978016374, 184799.81286419462 585659.4105312595, 185092.10865889367 585265.2952755393, 185344.36691912272 584844.4277945713, 185554.1582599374 584400.8612722667, 185719.462276042 583938.8674967135, 185838.68699939712 583462.8957205219, 185910.68423074193 582977.529812089, 185934.76059738096 582487.4441104413))",10,POINT (180934.76059738096 582487.4441104413),POINT (180934.76059738096 582487.4441104413)
Voorkeursalternatief uitbreiding secundaire baan,A,Locatiespecifiek,,,,,,,,,,,,,,,,,,,,,,,,,,,,,,,,,,,,,,,,,,"POLYGON ((183130.6981310817 582507.1753808616, 183106.62176444268 582017.0896792138, 183034.62453309787 581531.723770781, 182915.39980974275 581055.7519945893, 182750.09579363815 580593.7582190362, 182540.30445282348 580150.1916967316, 182288.04619259443 579729.3242157636, 181995.7503978954 579335.2089600434, 181666.23203701444 578971.6414749289, 181302.66455189994 578642.1231140479, 180908.54929617973 578349.8273193489, 180487.6818152117 578097.5690591198, 180044.11529290717 577887.7777183052, 179582.121517354 577722.4737022006, 179106.14974116234 577603.2489788454, 178620.7838327295 577531.2517475006, 178130.6981310817 577507.1753808616, 177640.6124294339 577531.2517475006, 177155.24652100107 577603.2489788454, 176679.2747448094 577722.4737022006, 176217.28096925624 577887.7777183052, 175773.71444695172 578097.5690591198, 175352.84696598368 578349.8273193489, 174958.73171026347 578642.1231140479, 174595.16422514897 578971.6414749289, 174265.645864268 579335.2089600434, 173973.350069569 579729.3242157636, 173721.09180933994 580150.1916967316, 173511.30046852527 580593.7582190362, 173345.99645242066 581055.7519945893, 173226.77172906554 581531.723770781, 173154.77449772073 582017.0896792138, 173130.6981310817 582507.1753808616, 173154.77449772073 582997.2610825094, 173226.77172906554 583482.6269909423, 173345.99645242066 583958.5987671339, 173511.30046852527 584420.5925426871, 173721.09180933994 584864.1590649916, 173973.350069569 585285.0265459596, 174265.645864268 585679.1418016799, 174595.16422514897 586042.7092867943, 174958.73171026347 586372.2276476753, 175352.84696598368 586664.5234423743, 175773.71444695172 586916.7817026034, 176217.28096925624 587126.573043418, 176679.2747448094 587291.8770595227, 177155.24652100107 587411.1017828778, 177640.6124294339 587483.0990142226, 178130.6981310817 587507.1753808616, 178620.7838327295 587483.0990142226, 179106.14974116234 587411.1017828778, 179582.121517354 587291.8770595227, 180044.11529290717 587126.573043418, 180487.6818152117 586916.7817026034, 180908.54929617973 586664.5234423743, 181302.66455189994 586372.2276476753, 181666.23203701444 586042.7092867944, 181995.75039789538 585679.1418016799, 182288.04619259443 585285.0265459596, 182540.30445282348 584864.1590649916, 182750.09579363815 584420.5925426871, 182915.39980974275 583958.5987671339, 183034.62453309787 583482.6269909423, 183106.62176444268 582997.2610825094, 183130.6981310817 582507.1753808616))",10,POINT (178130.6981310817 582507.1753808616),POINT (178130.6981310817 582507.1753808616)
,,Locatiespecifiek,,,,,,,,,,,,,,,,,,,,,,,,,,,,,,,,,,,,,,,,,,"POLYGON ((184803.35443466864 582520.9590731935, 184779.2780680296 582030.8733715457, 184707.2808366848 581545.5074631128, 184588.0561133297 581069.5356869212, 184422.75209722508 580607.541911368, 184212.9607564104 580163.9753890635, 183960.70249618136 579743.1079080955, 183668.40670148234 579348.9926523753, 183338.88834060138 578985.4251672608, 182975.32085548688 578655.9068063798, 182581.20559976666 578363.6110116808, 182160.33811879862 578111.3527514517, 181716.7715964941 577901.5614106371, 181254.77782094094 577736.2573945324, 180778.80604474928 577617.0326711773, 180293.44013631644 577545.0354398325, 179803.35443466864 577520.9590731935, 179313.26873302084 577545.0354398325, 178827.902824588 577617.0326711773, 178351.93104839633 577736.2573945324, 177889.93727284318 577901.5614106371, 177446.37075053866 578111.3527514517, 177025.50326957062 578363.6110116808, 176631.3880138504 578655.9068063798, 176267.8205287359 578985.4251672607, 175938.30216785494 579348.9926523753, 175646.00637315592 579743.1079080955, 175393.74811292687 580163.9753890635, 175183.9567721122 580607.541911368, 175018.6527560076 581069.5356869212, 174899.42803265247 581545.5074631128, 174827.43080130767 582030.8733715457, 174803.35443466864 582520.9590731935, 174827.43080130767 583011.0447748413, 174899.42803265247 583496.4106832742, 175018.6527560076 583972.3824594658, 175183.9567721122 584434.376235019, 175393.74811292687 584877.9427573235, 175646.00637315592 585298.8102382915, 175938.30216785494 585692.9254940117, 176267.8205287359 586056.4929791262, 176631.3880138504 586386.0113400072, 177025.50326957062 586678.3071347062, 177446.37075053866 586930.5653949353, 177889.93727284318 587140.3567357499, 178351.93104839633 587305.6607518545, 178827.902824588 587424.8854752097, 179313.26873302084 587496.8827065545, 179803.35443466864 587520.9590731935, 180293.44013631644 587496.8827065545, 180778.80604474928 587424.8854752097, 181254.77782094094 587305.6607518545, 181716.7715964941 587140.3567357499, 182160.33811879862 586930.5653949353, 182581.20559976666 586678.3071347062, 182975.32085548688 586386.0113400072, 183338.88834060138 586056.4929791263, 183668.4067014823 585692.9254940117, 183960.70249618136 585298.8102382915, 184212.9607564104 584877.9427573235, 184422.75209722508 584434.376235019, 184588.0561133297 583972.3824594658, 184707.2808366848 583496.4106832742, 184779.2780680296 583011.0447748413, 184803.35443466864 582520.9590731935))",10,POINT (179803.35443466864 582520.9590731935),POINT (179803.35443466864 582520.9590731935)
Juridische borging beperkingengebied,,Locatiespecifiek,,,,,,,,,,,,,,,,,,,,,,,,,,,,,,,,,,,,,,,,,,"POLYGON ((184373.4974994652 582222.0026316687, 184349.42113282616 581731.9169300209, 184277.42390148135 581246.551021588, 184158.19917812623 580770.5792453964, 183992.89516202162 580308.5854698432, 183783.10382120695 579865.0189475387, 183530.8455609779 579444.1514665707, 183238.54976627888 579050.0362108505, 182909.03140539792 578686.468725736, 182545.46392028342 578356.950364855, 182151.3486645632 578064.654570156, 181730.48118359517 577812.3963099269, 181286.91466129065 577602.6049691123, 180824.9208857375 577437.3009530077, 180348.94910954582 577318.0762296525, 179863.58320111298 577246.0789983077, 179373.4974994652 577222.0026316687, 178883.4117978174 577246.0789983077, 178398.04588938455 577318.0762296525, 177922.07411319288 577437.3009530077, 177460.08033763972 577602.6049691123, 177016.5138153352 577812.3963099269, 176595.64633436716 578064.654570156, 176201.53107864695 578356.950364855, 175837.96359353245 578686.468725736, 175508.4452326515 579050.0362108505, 175216.14943795247 579444.1514665707, 174963.89117772342 579865.0189475387, 174754.09983690875 580308.5854698432, 174588.79582080414 580770.5792453964, 174469.57109744902 581246.551021588, 174397.5738661042 581731.9169300209, 174373.4974994652 582222.0026316687, 174397.5738661042 582712.0883333165, 174469.57109744902 583197.4542417494, 174588.79582080414 583673.426017941, 174754.09983690875 584135.4197934942, 174963.89117772342 584578.9863157987, 175216.14943795247 584999.8537967667, 175508.4452326515 585393.9690524869, 175837.96359353245 585757.5365376014, 176201.53107864695 586087.0548984824, 176595.64633436716 586379.3506931814, 177016.5138153352 586631.6089534105, 177460.08033763972 586841.4002942251, 177922.07411319288 587006.7043103297, 178398.04588938455 587125.9290336849, 178883.4117978174 587197.9262650297, 179373.4974994652 587222.0026316687, 179863.58320111298 587197.9262650297, 180348.94910954582 587125.9290336849, 180824.9208857375 587006.7043103297, 181286.91466129065 586841.4002942251, 181730.48118359517 586631.6089534105, 182151.3486645632 586379.3506931814, 182545.46392028342 586087.0548984824, 182909.03140539792 585757.5365376015, 183238.54976627885 585393.9690524869, 183530.8455609779 584999.8537967667, 183783.10382120695 584578.9863157987, 183992.89516202162 584135.4197934942, 184158.19917812623 583673.426017941, 184277.42390148135 583197.4542417494, 184349.42113282616 582712.0883333165, 184373.4974994652 582222.0026316687))",10,POINT (179373.4974994652 582222.0026316687),POINT (179373.4974994652 582222.0026316687)
,B,Locatiespecifiek,,,,,,,,,,,,,,,,,,,,,,,,,,,,,,,,,,,,,,,,,,"POLYGON ((185934.76059738096 582487.4441104413, 185910.68423074193 581997.3584087935, 185838.68699939712 581511.9925003606, 185719.462276042 581036.020724169, 185554.1582599374 580574.0269486158, 185344.36691912272 580130.4604263112, 185092.10865889367 579709.5929453432, 184799.81286419465 579315.477689623, 184470.2945033137 578951.9102045086, 184106.7270181992 578622.3918436276, 183712.61176247898 578330.0960489286, 183291.74428151094 578077.8377886994, 182848.17775920642 577868.0464478849, 182386.18398365326 577702.7424317802, 181910.2122074616 577583.5177084251, 181424.84629902875 577511.5204770803, 180934.76059738096 577487.4441104413, 180444.67489573316 577511.5204770803, 179959.30898730032 577583.5177084251, 179483.33721110865 577702.7424317802, 179021.3434355555 577868.0464478849, 178577.77691325097 578077.8377886994, 178156.90943228293 578330.0960489286, 177762.79417656272 578622.3918436276, 177399.22669144822 578951.9102045086, 177069.70833056726 579315.477689623, 176777.41253586824 579709.5929453432, 176525.1542756392 580130.4604263112, 176315.36293482452 580574.0269486158, 176150.0589187199 581036.020724169, 176030.8341953648 581511.9925003606, 175958.83696401998 581997.3584087935, 175934.76059738096 582487.4441104413, 175958.83696401998 582977.529812089, 176030.8341953648 583462.8957205219, 176150.0589187199 583938.8674967135, 176315.36293482452 584400.8612722667, 176525.1542756392 584844.4277945713, 176777.41253586824 585265.2952755393, 177069.70833056726 585659.4105312595, 177399.22669144822 586022.9780163739, 177762.79417656272 586352.496377255, 178156.90943228293 586644.792171954, 178577.77691325097 586897.0504321831, 179021.3434355555 587106.8417729976, 179483.33721110865 587272.1457891023, 179959.30898730032 587391.3705124574, 180444.67489573316 587463.3677438023, 180934.76059738096 587487.4441104413, 181424.84629902875 587463.3677438023, 181910.2122074616 587391.3705124574, 182386.18398365326 587272.1457891023, 182848.17775920642 587106.8417729976, 183291.74428151094 586897.0504321831, 183712.61176247898 586644.792171954, 184106.7270181992 586352.496377255, 184470.2945033137 586022.978016374, 184799.81286419462 585659.4105312595, 185092.10865889367 585265.2952755393, 185344.36691912272 584844.4277945713, 185554.1582599374 584400.8612722667, 185719.462276042 583938.8674967135, 185838.68699939712 583462.8957205219, 185910.68423074193 582977.529812089, 185934.76059738096 582487.4441104413))",10,POINT (180934.76059738096 582487.4441104413),POINT (180934.76059738096 582487.4441104413)
,A,Locatiespecifiek,,,,,,,,,,,,,,,,,,,,,,,,,,,,,,,,,,,,,,,,,,"POLYGON ((183130.6981310817 582507.1753808616, 183106.62176444268 582017.0896792138, 183034.62453309787 581531.723770781, 182915.39980974275 581055.7519945893, 182750.09579363815 580593.7582190362, 182540.30445282348 580150.1916967316, 182288.04619259443 579729.3242157636, 181995.7503978954 579335.2089600434, 181666.23203701444 578971.6414749289, 181302.66455189994 578642.1231140479, 180908.54929617973 578349.8273193489, 180487.6818152117 578097.5690591198, 180044.11529290717 577887.7777183052, 179582.121517354 577722.4737022006, 179106.14974116234 577603.2489788454, 178620.7838327295 577531.2517475006, 178130.6981310817 577507.1753808616, 177640.6124294339 577531.2517475006, 177155.24652100107 577603.2489788454, 176679.2747448094 577722.4737022006, 176217.28096925624 577887.7777183052, 175773.71444695172 578097.5690591198, 175352.84696598368 578349.8273193489, 174958.73171026347 578642.1231140479, 174595.16422514897 578971.6414749289, 174265.645864268 579335.2089600434, 173973.350069569 579729.3242157636, 173721.09180933994 580150.1916967316, 173511.30046852527 580593.7582190362, 173345.99645242066 581055.7519945893, 173226.77172906554 581531.723770781, 173154.77449772073 582017.0896792138, 173130.6981310817 582507.1753808616, 173154.77449772073 582997.2610825094, 173226.77172906554 583482.6269909423, 173345.99645242066 583958.5987671339, 173511.30046852527 584420.5925426871, 173721.09180933994 584864.1590649916, 173973.350069569 585285.0265459596, 174265.645864268 585679.1418016799, 174595.16422514897 586042.7092867943, 174958.73171026347 586372.2276476753, 175352.84696598368 586664.5234423743, 175773.71444695172 586916.7817026034, 176217.28096925624 587126.573043418, 176679.2747448094 587291.8770595227, 177155.24652100107 587411.1017828778, 177640.6124294339 587483.0990142226, 178130.6981310817 587507.1753808616, 178620.7838327295 587483.0990142226, 179106.14974116234 587411.1017828778, 179582.121517354 587291.8770595227, 180044.11529290717 587126.573043418, 180487.6818152117 586916.7817026034, 180908.54929617973 586664.5234423743, 181302.66455189994 586372.2276476753, 181666.23203701444 586042.7092867944, 181995.75039789538 585679.1418016799, 182288.04619259443 585285.0265459596, 182540.30445282348 584864.1590649916, 182750.09579363815 584420.5925426871, 182915.39980974275 583958.5987671339, 183034.62453309787 583482.6269909423, 183106.62176444268 582997.2610825094, 183130.6981310817 582507.1753808616))",10,POINT (178130.6981310817 582507.1753808616),POINT (178130.6981310817 582507.1753808616)
,,Bouwwerk,9.0,8QR-WSV-H9MM-3V6,8911Z3_01,nietinafstoting,207.521288137,1093.33591288,EAN_871689700000025221,100280G01,100280G01,Rijkskantoren,Rijkskantoren,onbekend,Kantoorgebouw,"Zuidersingel, 3",8911AV,Leeuwarden,535.0,0.0,535.0,206.0,206.0,132.0,0.0,338.0,197.0,Groen,0.0,535.0,Onbekend,,,,,,,,,,,,,,10,POINT (181749.70881620114 578981.8255563175),POINT (181749.70881620114 578981.8255563175)
,,Bouwwerk,272.0,XFR-WSX-9DHK-KKC,8913VDN12_01,nietinafstoting,330.869012293,2441.98862128,EAN_871689700000023760,100367G01,100367G01;100396G01;100396G02,Rijkskantoren,Rijkskantoren,onbekend,Kantoorgebouw,"van der Nootstraat, 12",8913HV,Leeuwarden,371.0,371.0,371.0,248.0,248.0,301.0,0.0,549.0,-178.0,Rood,58.0,313.0,Groen,,,,,,,,,,,,,,10,POINT (180947.9156520237 579167.7497256101),POINT (180947.9156520237 579167.7497256101)
,,Bouwwerk,146.0,XFR-WSX-9DHK-KKC,8913VDN12_01,nietinafstoting,330.869012293,2441.98862128,EAN_871689700000023760,100367G01,100367G01;100396G01;100396G02,Rijkskantoren,Rijkskantoren,onbekend,Kantoorgebouw,"van der Nootstraat, 12",8913HV,Leeuwarden,371.0,371.0,371.0,248.0,248.0,301.0,0.0,549.0,-178.0,Rood,58.0,313.0,Groen,,,,,,,,,,,,,,10,POINT (180947.9156520237 579167.7497256101),POINT (180947.9156520237 579167.7497256101)
,,Bouwwerk,26.0,GJD-E7V-094R-A66,8913T4_01,afstootbesloten,166.660848866,469.51148898,EAN_871687110004667389,100269G01,100269G01,Rijksvastgoedbedrijf Leegstand,Rijkskantoren,onbekend,Kantoorgebouw,"Tesselschadestraat, 4",8913HB,Leeuwarden,147.0,0.0,147.0,6.0,6.0,0.0,0.0,6.0,141.0,Groen,0.0,147.0,Onbekend,,,,,,,,,,,,,,10,POINT (181679.18921961918 579204.3293000035),POINT (181679.18921961918 579204.3293000035)
,,Bouwwerk,205.0,K5V-VA2-SQNB-JKA,8911Z102_01,nietinafstoting,282.406289165,3227.59420242,EAN_871689700000027041,101626G01,101626G01;101626G02,LDCR 416 Rechtbank Noord-Nederland,RVDR,onbekend,Gerechtsgebouw,"Zaailand, 102",8911BN,Leeuwarden,388.0,0.0,388.0,329.0,329.0,92.0,0.0,421.0,-33.0,Rood,0.0,388.0,Onbekend,,,,,,,,,,,,,,10,POINT (182163.8994253309 579221.4370383418),POINT (182163.8994253309 579221.4370383418)
,,Bouwwerk,117.0,CAB-3NK-4MRV-T3P,8913T55_01,nietinafstoting,184.973572051,2216.89022748,EAN_871689700000043317,100391G01,100391G01,Rijkskantoren,Rijkskantoren,onbekend,Kantoorgebouw,"Tesselschadestraat, 55",8913HA,Leeuwarden,288.0,288.0,288.0,229.0,229.0,9.0,0.0,238.0,50.0,Oranje,66.0,222.0,Groen,,,,,,,,,,,,,,10,POINT (180955.23672818186 579239.9538733792),POINT (180955.23672818186 579239.9538733792)
,,Bouwwerk,204.0,M1F-TCP-HWWK-SJG,8911W1_01,nietinafstoting,177.63835033,1796.92705446,EAN_871687110002973185,100274G01,100274G01,LDCR 432 Gerechtshof Arnhem Leeuwarden,RVDR,onbekend,Gerechtsgebouw,"Wilhelminaplein, 1",8911BS,Leeuwarden,53.0,0.0,53.0,44.0,44.0,0.0,0.0,44.0,9.0,Oranje,36.0,17.0,Groen,,,,,,,,,,,,,,10,POINT (182043.95346333948 579317.881334742),POINT (182043.95346333948 579317.881334742)
,,Bouwwerk,71.0,1WK-8KX-82K7-0TP,8913T140_01,nietinafstoting,493.132833868,4869.20237462,EAN_871689700000027652,100332G01,100332G01,Rijkskantoren,Rijkskantoren,onbekend,Kantoorgebouw,"Tesselschadestraat, 140",8913HC,Leeuwarden,560.0,560.0,560.0,406.0,406.0,62.0,88.0,556.0,4.0,Oranje,0.0,560.0,Onbekend,,,,,,,,,,,,,,10,POINT (180985.05692042262 579355.3678930341),POINT (180985.05692042262 579355.3678930341)
Uitbreiding faciliteiten voor schieten,Logistiek centrum Maaldrift,Locatiespecifiek,,,,,,,,,,,,,,,,,,,,,,,,,,,,,,,,,,,,,,,,,,"POLYGON ((94355.28106307039 463018.1473441969, 94331.20469643138 462528.0616425491, 94259.20746508654 462042.69573411625, 94139.98274173144 461566.7239579246, 93974.67872562683 461104.73018237145, 93764.88738481216 460661.1636600669, 93512.62912458312 460240.2961790989, 93220.33332988407 459846.1809233787, 92890.81496900313 459482.6134382642, 92527.24748388861 459153.0950773832, 92133.1322281684 458860.79928268417, 91712.26474720037 458608.54102245515, 91268.69822489584 458398.7496816405, 90806.7044493427 458233.44566553587, 90330.73267315103 458114.2209421808, 89845.36676471819 458042.2237108359, 89355.28106307039 458018.1473441969, 88865.1953614226 458042.2237108359, 88379.82945298975 458114.2209421808, 87903.85767679808 458233.44566553587, 87441.86390124494 458398.7496816405, 86998.2973789404 458608.54102245515, 86577.42989797238 458860.79928268417, 86183.31464225217 459153.0950773832, 85819.74715713765 459482.6134382642, 85490.2287962567 459846.1809233787, 85197.93300155766 460240.2961790989, 84945.67474132862 460661.1636600669, 84735.88340051395 461104.73018237145, 84570.57938440934 461566.7239579246, 84451.35466105424 462042.69573411625, 84379.3574297094 462528.0616425491, 84355.28106307039 463018.1473441969, 84379.3574297094 463508.2330458447, 84451.35466105424 463993.5989542776, 84570.57938440934 464469.57073046925, 84735.88340051395 464931.5645060224, 84945.67474132862 465375.1310283269, 85197.93300155766 465795.99850929494, 85490.2287962567 466190.11376501515, 85819.74715713765 466553.68125012965, 86183.31464225215 466883.1996110106, 86577.42989797238 467175.49540570966, 86998.2973789404 467427.7536659387, 87441.86390124494 467637.54500675335, 87903.85767679808 467802.84902285796, 88379.82945298974 467922.07374621305, 88865.1953614226 467994.0709775579, 89355.28106307039 468018.1473441969, 89845.36676471819 467994.0709775579, 90330.73267315103 467922.07374621305, 90806.7044493427 467802.84902285796, 91268.69822489584 467637.54500675335, 91712.26474720037 467427.7536659387, 92133.1322281684 467175.49540570966, 92527.24748388861 466883.1996110106, 92890.81496900313 466553.68125012965, 93220.33332988407 466190.11376501515, 93512.62912458312 465795.99850929494, 93764.88738481216 465375.1310283269, 93974.67872562683 464931.5645060224, 94139.98274173144 464469.57073046925, 94259.20746508654 463993.5989542776, 94331.20469643138 463508.2330458447, 94355.28106307039 463018.1473441969))",17,POINT (89355.28106307039 463018.1473441969),POINT (89355.28106307039 463018.1473441969)
Uitbreiding gebruik van het complex,Mobilisatiecomplex Maaldrift,Locatiespecifiek,,,,,,,,,,,,,,,,,,,,,,,,,,,,,,,,,,,,,,,,,,"POLYGON ((94355.28106307039 463018.1473441969, 94331.20469643138 462528.0616425491, 94259.20746508654 462042.69573411625, 94139.98274173144 461566.7239579246, 93974.67872562683 461104.73018237145, 93764.88738481216 460661.1636600669, 93512.62912458312 460240.2961790989, 93220.33332988407 459846.1809233787, 92890.81496900313 459482.6134382642, 92527.24748388861 459153.0950773832, 92133.1322281684 458860.79928268417, 91712.26474720037 458608.54102245515, 91268.69822489584 458398.7496816405, 90806.7044493427 458233.44566553587, 90330.73267315103 458114.2209421808, 89845.36676471819 458042.2237108359, 89355.28106307039 458018.1473441969, 88865.1953614226 458042.2237108359, 88379.82945298975 458114.2209421808, 87903.85767679808 458233.44566553587, 87441.86390124494 458398.7496816405, 86998.2973789404 458608.54102245515, 86577.42989797238 458860.79928268417, 86183.31464225217 459153.0950773832, 85819.74715713765 459482.6134382642, 85490.2287962567 459846.1809233787, 85197.93300155766 460240.2961790989, 84945.67474132862 460661.1636600669, 84735.88340051395 461104.73018237145, 84570.57938440934 461566.7239579246, 84451.35466105424 462042.69573411625, 84379.3574297094 462528.0616425491, 84355.28106307039 463018.1473441969, 84379.3574297094 463508.2330458447, 84451.35466105424 463993.5989542776, 84570.57938440934 464469.57073046925, 84735.88340051395 464931.5645060224, 84945.67474132862 465375.1310283269, 85197.93300155766 465795.99850929494, 85490.2287962567 466190.11376501515, 85819.74715713765 466553.68125012965, 86183.31464225215 466883.1996110106, 86577.42989797238 467175.49540570966, 86998.2973789404 467427.7536659387, 87441.86390124494 467637.54500675335, 87903.85767679808 467802.84902285796, 88379.82945298974 467922.07374621305, 88865.1953614226 467994.0709775579, 89355.28106307039 468018.1473441969, 89845.36676471819 467994.0709775579, 90330.73267315103 467922.07374621305, 90806.7044493427 467802.84902285796, 91268.69822489584 467637.54500675335, 91712.26474720037 467427.7536659387, 92133.1322281684 467175.49540570966, 92527.24748388861 466883.1996110106, 92890.81496900313 466553.68125012965, 93220.33332988407 466190.11376501515, 93512.62912458312 465795.99850929494, 93764.88738481216 465375.1310283269, 93974.67872562683 464931.5645060224, 94139.98274173144 464469.57073046925, 94259.20746508654 463993.5989542776, 94331.20469643138 463508.2330458447, 94355.28106307039 463018.1473441969))",17,POINT (89355.28106307039 463018.1473441969),POINT (89355.28106307039 463018.1473441969)
,,Bouwwerk,149.0,19X-79N-W6AJ-TKD,2311WS1_01,nietinafstoting,90.6825649884,264.52144398,EAN_871690930000839047,100827G01,100827G01,Dienst Justitiële Inrichtingen Elektriciteit,DJI,onbekend,Gerechtsgebouw,"Witte Singel, 1",2311BG,Leiden,125.0,0.0,125.0,46.0,46.0,25.0,0.0,71.0,54.0,Groen,0.0,125.0,Onbekend,,,,,,,,,,,,,,17,POINT (92948.53985246469 463870.9692453951),POINT (92948.53985246469 463870.9692453951)
,,Bouwwerk,230.0,C4Z-QJ4-EX75-80Q,2236M336_829,afstootbesloten,130.355148225,731.571994022,EAN_871690910000003044,111339G46,111339G46,Rijksvastgoedbedrijf Verkoop Ontwikkeling,Bijz. specialties,onbekend,Bedrijfsruimte,"Wassenaarseweg, 75, G",2223LA,Katwijk,430.0,0.0,430.0,314.0,314.0,0.0,1201.0,1515.0,-1085.0,Rood,0.0,430.0,Onbekend,,,,,,,,,,,,,,17,POINT (87850.18476801668 465917.6403043747),POINT (87850.18476801668 465917.6403043747)
Huisvesting incl faciliteiten,Oude politieacademie,Locatiespecifiek,,,,,,,,,,,,,,,,,,,,,,,,,,,,,,,,,,,,,,,,,,"POLYGON ((196373.72089055926 467526.9475763081, 196349.64452392023 467036.8618746603, 196277.64729257542 466551.49596622743, 196158.4225692203 466075.52419003577, 195993.1185531157 465613.53041448264, 195783.32721230102 465169.9638921781, 195531.06895207198 464749.0964112101, 195238.77315737295 464354.98115548986, 194909.254796492 463991.41367037536, 194545.6873113775 463661.8953094944, 194151.57205565728 463369.59951479535, 193730.70457468924 463117.34125456633, 193287.13805238472 462907.54991375166, 192825.14427683156 462742.24589764705, 192349.1725006399 462623.02117429196, 191863.80659220705 462551.0239429471, 191373.72089055926 462526.9475763081, 190883.63518891146 462551.0239429471, 190398.26928047862 462623.02117429196, 189922.29750428695 462742.24589764705, 189460.3037287338 462907.54991375166, 189016.73720642927 463117.34125456633, 188595.86972546123 463369.59951479535, 188201.75446974102 463661.8953094944, 187838.18698462652 463991.41367037536, 187508.66862374556 464354.98115548986, 187216.37282904654 464749.0964112101, 186964.1145688175 465169.9638921781, 186754.32322800282 465613.53041448264, 186589.0192118982 466075.52419003577, 186469.7944885431 466551.49596622743, 186397.79725719828 467036.8618746603, 186373.72089055926 467526.9475763081, 186397.79725719828 468017.0332779559, 186469.7944885431 468502.39918638876, 186589.0192118982 468978.37096258043, 186754.32322800282 469440.36473813356, 186964.1145688175 469883.9312604381, 187216.37282904654 470304.7987414061, 187508.66862374556 470698.91399712634, 187838.18698462652 471062.48148224084, 188201.75446974102 471391.9998431218, 188595.86972546123 471684.29563782085, 189016.73720642927 471936.55389804987, 189460.3037287338 472146.34523886454, 189922.29750428695 472311.64925496915, 190398.26928047862 472430.87397832423, 190883.63518891146 472502.8712096691, 191373.72089055926 472526.9475763081, 191863.80659220705 472502.8712096691, 192349.1725006399 472430.87397832423, 192825.14427683156 472311.64925496915, 193287.13805238472 472146.34523886454, 193730.70457468924 471936.55389804987, 194151.57205565728 471684.29563782085, 194545.6873113775 471391.9998431218, 194909.254796492 471062.48148224084, 195238.77315737293 470698.91399712634, 195531.06895207198 470304.7987414061, 195783.32721230102 469883.9312604381, 195993.1185531157 469440.36473813356, 196158.4225692203 468978.37096258043, 196277.64729257542 468502.39918638876, 196349.64452392023 468017.0332779559, 196373.72089055926 467526.9475763081))",18,POINT (191373.72089055926 467526.9475763081),POINT (191373.72089055926 467526.9475763081)
,,Bouwwerk,65.0,WGE-5H9-SKKR-DQX,7333M32_01,nietinafstoting,305.594751246,5525.7251936,EAN_871687120000033002,100445G01,100445G01,Belastingdienst,Bijz. specialties,onbekend,Archiefgebouw,"Marowijne, 32",7333PJ,Apeldoorn,136.0,0.0,136.0,72.0,72.0,18.0,0.0,90.0,46.0,Groen,0.0,136.0,Onbekend,,,,,,,,,,,,,,18,POINT (194979.36024143794 465596.0411266294),POINT (194979.36024143794 465596.0411266294)
,,Bouwwerk,4.0,T10-8K4-S2KB-5F3,7334LVW490_02,nietinafstoting,244.542107672,1363.90609289,EAN_871687110001854256,100023G02,100023G02;100023G01;100023G05;100023G06;100023G07;100023G08;100023G09;100023G10;100023G11;100023G12;100023G13,Rijkskantoren,Rijkskantoren,onbekend,Kantoorgebouw,"Laan van Westenenk, 492",7334DS,Apeldoorn,2551.0,4000.0,2551.0,2683.0,2683.0,123.0,0.0,2806.0,-255.0,Rood,625.0,1926.0,Groen,,,,,,,,,,,,,,18,POINT (194223.8031035812 465682.23019005463),POINT (194223.8031035812 465682.23019005463)
,,Bouwwerk,7.0,X7F-RJP-7HMP-N21,7311S50_01,nietinafstoting,343.423731014,3208.03125393,EAN_871687120000088682,100477G01,100477G01,Rijksvastgoedbedrijf Verkoop Sectie II,Rijkskantoren,onbekend,Kantoorgebouw,"Stationsplein, 50",7311NZ,Apeldoorn,332.0,0.0,332.0,505.0,505.0,240.0,0.0,745.0,-413.0,Rood,0.0,332.0,Onbekend,,,,,,,,,,,,,,18,POINT (194862.90083579277 469284.16289751703),POINT (194862.90083579277 469284.16289751703)
,,Bouwwerk,62.0,SND-JPY-499R-C3G,7314JK8_07,nietinafstoting,147.330339171,1149.16005997,EAN_871687110001854676,100021G07,100021G07;100021G02;100021G04;100021G05;100021G06;100021G08;100021G09;100021G10;100021G12;100021G13;100021G14,Rijkskantoren,Rijkskantoren,onbekend,Kantoorgebouw,"John F. Kennedylaan, 8",7314PS,Apeldoorn,2836.0,4000.0,2836.0,2458.0,2458.0,97.0,1219.0,3773.0,-937.0,Rood,174.0,2662.0,Groen,,,,,,,,,,,,,,18,POINT (192440.11724559419 469507.3283205621),POINT (192440.11724559419 469507.3283205621)
,,Bouwwerk,101.0,B5K-B91-1B2A-NT8,7311S104_01,nietinafstoting,75.1395256444,333.279329491,EAN_871687120000750374,100475G01,100475G01,LDCR 421 Rechtbank Gelderland,RVDR,onbekend,Gerechtsgebouw,"Stationsstraat, 104",7311MJ,Apeldoorn,19.0,0.0,19.0,13.0,13.0,5.0,0.0,18.0,1.0,Oranje,0.0,19.0,Onbekend,,,,,,,,,,,,,,18,POINT (194646.50238305164 469632.39263527095),POINT (194646.50238305164 469632.39263527095)
